rule_id,question,answer,topic,source_url,source_note,status,reviewer
keihyo-01,景品表示法 第5条第1号（優良誤認表示）,商品・サービスの品質、規格その他の内容について、実際のものよりも著しく優良であると一般消費者に誤認させる表示は禁止される。最上級・唯一性を主張する表現は、客観的な裏付け資料がない限り優良誤認に該当しうる。,優良誤認,https://laws.e-gov.go.jp/law/337AC0000000134,法令: 不当景品類及び不当表示防止法（昭和37年法律第134号）。消費者庁の運用基準・ガイドライン（不当表示の各ガイドライン）も併せて確認。条の位置は原文で要確認,未着手,
keihyo-02,景品表示法 第5条第2号（有利誤認表示）,価格その他の取引条件について、実際のものまたは競争事業者のものよりも著しく有利であると一般消費者に誤認させる表示は禁止される。他社比較で安さを主張する場合は、比較対象・比較時点・調査方法を明示する必要がある。,有利誤認,https://laws.e-gov.go.jp/law/337AC0000000134,法令: 不当景品類及び不当表示防止法（昭和37年法律第134号）。消費者庁の運用基準・ガイドライン（不当表示の各ガイドライン）も併せて確認。条の位置は原文で要確認,未着手,
keihyo-03,景品表示法 第5条第1号（No.1表示の根拠）,No.1・第1位等の最上級表示を行う場合、客観的な調査に基づくものであり、かつ調査結果を正確・適正に引用する必要がある。調査機関名・調査期間・調査対象・出典の明示がない No.1 表示は不当表示に該当しうる。,優良誤認,https://laws.e-gov.go.jp/law/337AC0000000134,法令: 不当景品類及び不当表示防止法（昭和37年法律第134号）。消費者庁の運用基準・ガイドライン（不当表示の各ガイドライン）も併せて確認。条の位置は原文で要確認,未着手,
keihyo-04,景品表示法 第5条第2号（二重価格表示）,販売価格に比較対照価格を併記する場合、比較対照価格が最近相当期間にわたって販売された実績のある価格でなければならない。実売実績のない「通常価格」「定価」との比較は有利誤認に該当しうる。,有利誤認,https://laws.e-gov.go.jp/law/337AC0000000134,法令: 不当景品類及び不当表示防止法（昭和37年法律第134号）。消費者庁の運用基準・ガイドライン（不当表示の各ガイドライン）も併せて確認。条の位置は原文で要確認,未着手,
keihyo-05,景品表示法 第5条（打消し表示の明瞭性）,強調表示に例外や制約がある場合、その打消し表示は一般消費者が認識できるよう明瞭に表示する必要がある。文字が小さい、強調表示から離れている、表示時間が短い等の打消し表示は、実質的に表示していないものと評価されうる。,打消し表示,https://laws.e-gov.go.jp/law/337AC0000000134,法令: 不当景品類及び不当表示防止法（昭和37年法律第134号）。消費者庁の運用基準・ガイドライン（不当表示の各ガイドライン）も併せて確認。条の位置は原文で要確認,未着手,
keihyo-06,景品表示法 第5条第1号（体験談の一般化）,体験談を用いる場合、それが一般的に得られる効果であるかのように示すことは優良誤認に該当しうる。体験者の属性、体験談の件数、平均的な効果との差異を明示せずに効果を訴求する表示は不当表示となる可能性がある。,優良誤認,https://laws.e-gov.go.jp/law/337AC0000000134,法令: 不当景品類及び不当表示防止法（昭和37年法律第134号）。消費者庁の運用基準・ガイドライン（不当表示の各ガイドライン）も併せて確認。条の位置は原文で要確認,未着手,
keihyo-07,景品表示法 第5条第2号（期間限定表示の常態化）,「今だけ」「期間限定」等の表示を行いながら、実際には同一条件での販売を継続している場合、取引条件が実際よりも有利であると誤認させる表示に該当しうる。期限を明示し、期限経過後は速やかに表示を変更する必要がある。,有利誤認,https://laws.e-gov.go.jp/law/337AC0000000134,法令: 不当景品類及び不当表示防止法（昭和37年法律第134号）。消費者庁の運用基準・ガイドライン（不当表示の各ガイドライン）も併せて確認。条の位置は原文で要確認,未着手,
keihyo-08,景品表示法 第5条第2号（無料表示の条件不記載）,「無料」「0円」と表示する場合、無料となる条件（購入金額、会員登録、継続回数等）を明瞭に併記する必要がある。条件を記載せず無料を強調する表示は有利誤認に該当しうる。,有利誤認,https://laws.e-gov.go.jp/law/337AC0000000134,法令: 不当景品類及び不当表示防止法（昭和37年法律第134号）。消費者庁の運用基準・ガイドライン（不当表示の各ガイドライン）も併せて確認。条の位置は原文で要確認,未着手,
keihyo-09,景品表示法 第5条第2号（数量限定の根拠）,「限定」「先着」「在庫僅少」等の表示は、実際の在庫数量・販売数量の裏付けが必要である。実態を伴わない数量限定表示は取引条件の有利誤認に該当しうる。,有利誤認,https://laws.e-gov.go.jp/law/337AC0000000134,法令: 不当景品類及び不当表示防止法（昭和37年法律第134号）。消費者庁の運用基準・ガイドライン（不当表示の各ガイドライン）も併せて確認。条の位置は原文で要確認,未着手,
keihyo-10,景品表示法 第5条第3号（おとり広告）,広告した商品を実際には供給できない、または供給量が著しく限定されているにもかかわらず、その旨を明示せずに広告することは、おとり広告として不当表示に該当する。特価品・目玉商品の表示には供給可能数の明示が必要である。,おとり広告,https://laws.e-gov.go.jp/law/337AC0000000134,法令: 不当景品類及び不当表示防止法（昭和37年法律第134号）。消費者庁の運用基準・ガイドライン（不当表示の各ガイドライン）も併せて確認。条の位置は原文で要確認,未着手,
keihyo-11,景品表示法 第5条第3号（原産国の誤認）,商品の原産国について一般消費者に誤認させる表示は禁止される。国内で最終的な加工のみを行った輸入品を「国産」「日本製」と表示することは、原産国告示に照らして不当表示に該当しうる。,原産国,https://laws.e-gov.go.jp/law/337AC0000000134,法令: 不当景品類及び不当表示防止法（昭和37年法律第134号）。消費者庁の運用基準・ガイドライン（不当表示の各ガイドライン）も併せて確認。条の位置は原文で要確認,未着手,
keihyo-12,景品表示法 第4条（景品類の限度額）,懸賞により提供する景品類の最高額は取引価額の20倍かつ10万円以内、総額は懸賞に係る売上予定総額の2%以内に制限される。総付景品は取引価額の20%（取引価額1000円未満は200円）以内である。,景品類,https://laws.e-gov.go.jp/law/337AC0000000134,法令: 不当景品類及び不当表示防止法（昭和37年法律第134号）。消費者庁の運用基準・ガイドライン（不当表示の各ガイドライン）も併せて確認。条の位置は原文で要確認,未着手,
yakki-01,医薬品医療機器等法 第68条（食品の医薬品的効能標榜）,医薬品としての承認を受けていない食品・健康食品について、疾病の治療・予防を目的とする効能効果を標榜することは禁止される。特定の疾病名を挙げて改善を訴求する表現は、医薬品的効能効果の標榜に該当しうる。,効能効果,https://laws.e-gov.go.jp/law/335AC0000000145,法令: 医薬品、医療機器等の品質、有効性及び安全性の確保等に関する法律（昭和35年法律第145号）。厚生労働省の医薬品等適正広告基準・化粧品の効能の範囲の通知も併せて確認。条の位置は原文で要確認,未着手,
yakki-02,医薬品医療機器等法 第66条（化粧品の効能範囲逸脱）,"化粧品の広告で標榜できる効能効果は、告示で定められた56項目の範囲に限られる。シワの除去、細胞の再生、恒久的な美白等、範囲を超える効果の標榜は虚偽・誇大広告に該当しうる。

【条文】医薬品医療機器等法 第66条（誇大広告等）
第十章　医薬品等の広告
（誇大広告等）
第六十六条　何人も、医薬品、医薬部外品、化粧品、医療機器又は再生医療等製品の名称、製造方法、効能、効果又は性能に関して、明示的であると暗示的であるとを問わず、虚偽又は誇大な記事を広告し、記述し、又は流布してはならない。
２　医薬品、医薬部外品、化粧品、医療機器又は再生医療等製品の効能、効果又は性能について、医師その他の者がこれを保証したものと誤解されるおそれがある記事を広告し、記述し、又は流布することは、前項に該当するものとする。
３　何人も、医薬品、医薬部外品、化粧品、医療機器又は再生医療等製品に関して堕胎を暗示し、又はわいせつにわたる文書又は図画を用いてはならない。

【通知】化粧品の効能の範囲の改正について（平成23年7月21日 薬食発0721第1号 厚生労働省医薬食品局長通知）
化粧品の効能の範囲については、昭和36年2月8日付け薬発第44号薬務局長通知「薬事法の施行について」の別表第1で定め、平成12年12月28日付け医薬発第1339号医薬安全局長通知「化粧品の効能の範囲の改正について」により改正したところであるが、今般、その効能の範囲について、下記のとおり改正し、別紙のとおりとしたので、貴管下関係業者に対して周知徹底をお願いする。
記
1．別表第1に次の1項を加える。
(56)　乾燥による小ジワを目立たなくする。
別紙
別表第1
(1)　頭皮、毛髪を清浄にする。
(2)　香りにより毛髪、頭皮の不快臭を抑える。
(3)　頭皮、毛髪をすこやかに保つ。
(4)　毛髪にはり、こしを与える。
(5)　頭皮、毛髪にうるおいを与える。
(6)　頭皮、毛髪のうるおいを保つ。
(7)　毛髪をしなやかにする。
(8)　クシどおりをよくする。
(9)　毛髪のつやを保つ。
(10)　毛髪につやを与える。
(11)　フケ、カユミがとれる。
(12)　フケ、カユミを抑える。
(13)　毛髪の水分、油分を補い保つ。
(14)　裂毛、切毛、枝毛を防ぐ。
(15)　髪型を整え、保持する。
(16)　毛髪の帯電を防止する。
(17)　(汚れをおとすことにより)皮膚を清浄にする。
(18)　(洗浄により)ニキビ、アセモを防ぐ(洗顔料)。
(19)　肌を整える。
(20)　肌のキメを整える。
(21)　皮膚をすこやかに保つ。
(22)　肌荒れを防ぐ。
(23)　肌をひきしめる。
(24)　皮膚にうるおいを与える。
(25)　皮膚の水分、油分を補い保つ。
(26)　皮膚の柔軟性を保つ。
(27)　皮膚を保護する。
(28)　皮膚の乾燥を防ぐ。
(29)　肌を柔らげる。
(30)　肌にはりを与える。
(31)　肌にツヤを与える。
(32)　肌を滑らかにする。
(33)　ひげを剃りやすくする。
(34)　ひげそり後の肌を整える。
(35)　あせもを防ぐ(打粉)。
(36)　日やけを防ぐ。
(37)　日やけによるシミ、ソバカスを防ぐ。
(38)　芳香を与える。
(39)　爪を保護する。
(40)　爪をすこやかに保つ。
(41)　爪にうるおいを与える。
(42)　口唇の荒れを防ぐ。
(43)　口唇のキメを整える。
(44)　口唇にうるおいを与える。
(45)　口唇をすこやかにする。
(46)　口唇を保護する。口唇の乾燥を防ぐ。
(47)　口唇の乾燥によるカサツキを防ぐ。
(48)　口唇を滑らかにする。
(49)　ムシ歯を防ぐ(使用時にブラッシングを行う歯みがき類)。
(50)　歯を白くする(使用時にブラッシングを行う歯みがき類)。
(51)　歯垢を除去する(使用時にブラッシングを行う歯みがき類)。
(52)　口中を浄化する(歯みがき類)。
(53)　口臭を防ぐ(歯みがき類)。
(54)　歯のやにを取る(使用時にブラッシングを行う歯みがき類)。
(55)　歯石の沈着を防ぐ(使用時にブラッシングを行う歯みがき類)。
(56)　乾燥による小ジワを目立たなくする。
注1)　例えば、「補い保つ」は「補う」あるいは「保つ」との効能でも可とする。
注2)　「皮膚」と「肌」の使い分けは可とする。
注3)　(　)内は、効能には含めないが、使用形態から考慮して、限定するものである。",効能効果,https://laws.e-gov.go.jp/law/335AC0000000145,法令: 医薬品、医療機器等の品質、有効性及び安全性の確保等に関する法律（昭和35年法律第145号）。厚生労働省の医薬品等適正広告基準・化粧品の効能の範囲の通知も併せて確認。条の位置は原文で要確認。第66条の原文は利用者が e-Gov から貼付（2026-09-30）。化粧品の効能の範囲の通知（平成23年7月21日 薬食発0721第1号）の原文は利用者が貼付（2026-10-01）,条文・通知追記済み・監修待ち（第66条＋化粧品の効能の範囲 56項目）,
yakki-03,医薬品医療機器等法 第68条（医療機器的性能の標榜）,医療機器としての承認・認証を受けていない雑貨について、身体の構造・機能に影響を及ぼす性能を標榜することは禁止される。血行促進・筋肉増強・痩身等の効果訴求は医療機器的性能の標榜に該当しうる。,効能効果,https://laws.e-gov.go.jp/law/335AC0000000145,法令: 医薬品、医療機器等の品質、有効性及び安全性の確保等に関する法律（昭和35年法律第145号）。厚生労働省の医薬品等適正広告基準・化粧品の効能の範囲の通知も併せて確認。条の位置は原文で要確認,未着手,
yakki-04,医薬品医療機器等法 第66条（安全性の保証表現）,"医薬品・医薬部外品・化粧品の広告で、安全性を保証・断定する表現は認められない。副作用や使用上の注意が個人差を伴う以上、「副作用がない」「誰にでも安全」と言い切る表示は、事実に反するか誇大な表現に当たりうる。

【条文】医薬品医療機器等法 第66条（誇大広告等）
第十章　医薬品等の広告
（誇大広告等）
第六十六条　何人も、医薬品、医薬部外品、化粧品、医療機器又は再生医療等製品の名称、製造方法、効能、効果又は性能に関して、明示的であると暗示的であるとを問わず、虚偽又は誇大な記事を広告し、記述し、又は流布してはならない。
２　医薬品、医薬部外品、化粧品、医療機器又は再生医療等製品の効能、効果又は性能について、医師その他の者がこれを保証したものと誤解されるおそれがある記事を広告し、記述し、又は流布することは、前項に該当するものとする。
３　何人も、医薬品、医薬部外品、化粧品、医療機器又は再生医療等製品に関して堕胎を暗示し、又はわいせつにわたる文書又は図画を用いてはならない。",効能効果,https://laws.e-gov.go.jp/law/335AC0000000145,法令: 医薬品、医療機器等の品質、有効性及び安全性の確保等に関する法律（昭和35年法律第145号）。厚生労働省の医薬品等適正広告基準・化粧品の効能の範囲の通知も併せて確認。条の位置は原文で要確認。第66条の原文は利用者が e-Gov から貼付（2026-09-30）,条文追記済み・監修待ち（第66条のみ。原文は yakki-02 と同一）,
tokusho-01,特定商取引法 第11条（販売価格・送料の明示）,通信販売の広告には、商品の販売価格（消費税込み）を表示する必要がある。送料が別途必要な場合は送料の額も表示しなければならない。価格または送料の記載が無い、もしくは税込／税別が不明瞭な場合は表示義務違反となる。,表記漏れ,https://laws.e-gov.go.jp/law/351AC0000000057,法令: 特定商取引に関する法律（昭和51年法律第57号）。施行規則（広告表示事項）と消費者庁「特定商取引法ガイド」も併せて確認。条の位置は原文で要確認,未着手,
tokusho-02,特定商取引法 第11条（代金の支払時期・方法）,通信販売の広告には、代金の支払時期および支払方法を表示する必要がある。利用可能な決済手段と、前払い／後払いの別が読み取れない広告は表示義務違反となる。,表記漏れ,https://laws.e-gov.go.jp/law/351AC0000000057,法令: 特定商取引に関する法律（昭和51年法律第57号）。施行規則（広告表示事項）と消費者庁「特定商取引法ガイド」も併せて確認。条の位置は原文で要確認,未着手,
tokusho-03,特定商取引法 第11条（商品の引渡時期）,通信販売の広告には、商品の引渡時期（発送時期・お届け目安）を表示する必要がある。注文からどの程度で商品が届くかが読み取れない広告は表示義務違反となる。,表記漏れ,https://laws.e-gov.go.jp/law/351AC0000000057,法令: 特定商取引に関する法律（昭和51年法律第57号）。施行規則（広告表示事項）と消費者庁「特定商取引法ガイド」も併せて確認。条の位置は原文で要確認,未着手,
tokusho-04,特定商取引法 第11条（返品特約の表示）,通信販売には法定のクーリング・オフが無いため、返品の可否・条件・期限・送料負担を広告に表示する必要がある。返品特約の表示が無い場合、商品到着後8日間は送料購入者負担で返品が可能となる。,表記漏れ,https://laws.e-gov.go.jp/law/351AC0000000057,法令: 特定商取引に関する法律（昭和51年法律第57号）。施行規則（広告表示事項）と消費者庁「特定商取引法ガイド」も併せて確認。条の位置は原文で要確認,未着手,
tokusho-05,特定商取引法 第11条（事業者名・住所・連絡先）,通信販売の広告には、事業者の氏名（名称）、住所、電話番号を表示する必要がある。法人の場合は代表者名または業務責任者名も必要である。これらが広告本体または明示的なリンク先に無い場合は表示義務違反となる。,表記漏れ,https://laws.e-gov.go.jp/law/351AC0000000057,法令: 特定商取引に関する法律（昭和51年法律第57号）。施行規則（広告表示事項）と消費者庁「特定商取引法ガイド」も併せて確認。条の位置は原文で要確認,未着手,
tokusho-06,特定商取引法 第12条の6（定期購入の条件明示）,定期購入契約の場合、契約期間・継続回数・支払総額・解約条件を申込みの最終確認画面および広告に明示する必要がある。初回価格のみを強調し、継続回数の縛りや2回目以降の価格・総額を明示しない表示は、不実表示として禁止される。,表記漏れ,https://laws.e-gov.go.jp/law/351AC0000000057,法令: 特定商取引に関する法律（昭和51年法律第57号）。施行規則（広告表示事項）と消費者庁「特定商取引法ガイド」も併せて確認。条の位置は原文で要確認,未着手,
policy-01,社内規程 —（表示内容と社内規程の不一致）,広告に表示した取引条件（返品期限・送料負担・解約条件・価格など）が、【規程】に示された自社の条件より**顧客に不利**になっていないかを確認する。適法かどうかは判定材料にしない（適法でも規程より不利なら指摘する）。⚠️ これは法令違反の指摘ではなく、社内整合性の指摘である。,規程不一致,,自社の規程原本（返品・返金・解約の条件）。法令ではないので e-Gov は使わない,未着手,
